"burrows","salinity"
8,18.3388150914107
12,31.1927182006184
15,24.4088952173479
3,4.00002792477608
11,11.7942503769882
6,6.05233305133879
14,29.2769747669809
12,14.9236465175636
6,12.4034183949698
11,32.8888095449656
6,6.38073297333904
15,25.7329918723553
22,32.1271867386531
13,34.8745199048426
13,21.8829757254571
8,14.5660035999026
17,34.4996684603393
9,16.3161589798983
14,34.1259054793045
20,30.2347400935832
